NO,ID,EKTA,NAMA,JENIS_KELAMIN,PERUSAHAAN,EMAIL,KTP,AVATAR,TIPE,STATUS_EKTA,EXPIRED_EKTA,TANGGAL_INPUT,TANGGAL_AKTIVASI_EKTA,TAHUN_MASUK,BPC,BPD
1,68ca3e1a1dfcda4d6fd8191b,3273259100051241,Vica Fithri Noer Azizah,P,PT. SPEKTRUM GLOBAL KREASINDO,vicafithri@gmail.com,3273076707910004,https://hipmigo.is3.cloudhost.id/prod/images/1786690785240-e0cf2265-2482-48fe-b82e-10ba3e5b3efe.jpg,Anggota Biasa,active,2027-08-14T07:20:50.435Z,2025-09-17T04:50:34.908Z,,2025,BPC HIPMI KOTA BANDUNG,BPD HIPMI JAWA BARAT
2,682ee7f306ba2b3cfc6a63b2,3273240000051239,Gema Dzaki Muhammad,L,CV Bandung Indah Pertiwi,gemadzakiim@gmail.com,3204050901000008,https://hipmigo.is3.cloudhost.id/prod/images/1747974735228-img_9267.jpg,Anggota Biasa,active,2027-08-14T04:16:42.712Z,2025-05-22T09:01:39.819Z,,2024,BPC HIPMI KOTA BANDUNG,BPD HIPMI JAWA BARAT
3,68ca3e1a1dfcda4d6fd818fc,3273259600051247,Maulana Nur Rasyid,L,PT NAYAKA BUMIPERTIWIPRO,maulananr178@gmail.com,3217080407960009,https://hipmigo.is3.cloudhost.id/prod/images/1786534394710-d5b5b703-266d-4ae8-9acb-941da3b7bd97.jpg,Anggota Biasa,active,2027-08-15T14:35:06.649Z,2025-09-17T04:50:34.907Z,2026-08-15T21:35:00.000Z,2025,BPC HIPMI KOTA BANDUNG,BPD HIPMI JAWA BARAT
4,68ca3e1a1dfcda4d6fd818f5,3273268900051245,Fakhri Nur Ahmad,L,PT. Nusa Agra Indoarsa,fakhrinurahmad@gmail.com,3272011705890001,https://hipmigo.is3.cloudhost.id/prod/images/1786789297304-img_4813.jpg,Anggota Biasa,active,2027-08-15T10:48:32.607Z,2025-09-17T04:50:34.907Z,2026-08-15T17:48:00.000Z,2026,BPC HIPMI KOTA BANDUNG,BPD HIPMI JAWA BARAT
5,682ee7a606ba2b3cfc6a630c,3273189500051250,"Selna Moh Triwidarto,S.T.,MBA",L,CV Sinar Muda purnama,selnagublet@gmail.com,3273110607950001,https://hipmigo.is3.cloudhost.id/prod/images/1786822068110-1f8f8d39-1613-4e01-af81-3e5ed3122e24.jpg,Anggota Biasa,active,2027-08-15T19:25:30.415Z,2025-05-22T09:00:22.145Z,2026-08-15T19:25:00.000Z,2018,BPC HIPMI KOTA BANDUNG,BPD HIPMI JAWA BARAT
6,66763d4470d5594126adcbc4,3273179100051249,Widi Anugrah Tumelap Genda,L,OMG Event Asia,widitumelap@gmail.com,3273092708910001,https://hipmigo.is3.cloudhost.id/prod/images/1786814697639-11fa443d-2d8d-45e4-b7ae-340970f5bcf5.jpg,Anggota Biasa,active,2027-08-15T17:48:33.174Z,2024-06-22T02:56:04.869Z,2026-08-16T00:48:00.000Z,2017,BPC HIPMI KOTA BANDUNG,BPD HIPMI JAWA BARAT
7,66763d4470d5594126adcbb0,3273189500051246,Ikhwal Rheza Zaeni,L,PT PATANJALA BANGUN PERKASA,ezhaeza@gmail.com,3275110507950007,https://hipmigo.is3.cloudhost.id/prod/images/1786536781736-a10cc51e-48e6-4700-86f1-9ad12da3ff2d.jpg,Anggota Biasa,active,2027-08-15T11:21:20.562Z,2024-06-22T02:56:04.869Z,2026-08-15T18:21:00.000Z,2018,BPC HIPMI KOTA BANDUNG,BPD HIPMI JAWA BARAT
8,6675036671b5a1bc95a6bc7f,3273239900051251,Naufal Syihab Mujahid S.,L,Huisaeng Dimsum,naufalsyihabb@gmail.com,3204100710990008,https://hipmigo.is3.cloudhost.id/prod/images/1786830027648-img_0710.heic,Anggota Biasa,active,2027-08-15T21:52:07.196Z,2024-06-21T04:36:54.538Z,2026-08-15T21:52:00.000Z,2023,BPC HIPMI KOTA BANDUNG,BPD HIPMI JAWA BARAT
9,6675036671b5a1bc95a6bc30,3273229600051248,Aditya Lorenza,L,PT Altri Sejahtera Indonesia,aditya.lorenza21@gmail.com,3217082109960008,https://hipmigo.is3.cloudhost.id/prod/images/1786807667144-img_7498.jpg,Anggota Biasa,active,2027-08-15T15:55:26.001Z,2024-06-21T04:36:54.531Z,2026-08-15T15:55:00.000Z,2022,BPC HIPMI KOTA BANDUNG,BPD HIPMI JAWA BARAT
